ITEMID,ARTIKELNUMMER,BESCHREIBUNG,BILDKLEIN,BILDORIGINAL,ISDELETED,ISVERBRAUCHSARTIKEL,NAME,PREIS,KATEGORIE_ID
1329,123382,NULL,NULL,NULL,0,1,Item Nr.382,382,NULL
1867,123312,NULL,NULL,NULL,0,1,Item Nr.312,312,NULL
383,123142,NULL,NULL,NULL,0,1,Item Nr.142,142,NULL
1417,123467,NULL,NULL,NULL,0,0,Item Nr.467,467,NULL
169,123439,NULL,NULL,NULL,0,0,Item Nr.439,439,NULL
833,123489,NULL,NULL,NULL,0,0,Item Nr.489,489,NULL
1059,123898,NULL,NULL,NULL,0,1,Item Nr.898,898,NULL
503,123897,NULL,NULL,NULL,0,0,Item Nr.897,897,NULL
285,12357,NULL,NULL,NULL,0,0,Item Nr.57,57,NULL
1379,123589,NULL,NULL,NULL,0,0,Item Nr.589,589,NULL
1557,123513,NULL,NULL,NULL,0,0,Item Nr.513,513,NULL
1563,123438,NULL,NULL,NULL,0,1,Item Nr.438,438,NULL
1857,123333,NULL,NULL,NULL,0,0,Item Nr.333,333,NULL
1735,123557,NULL,NULL,NULL,0,0,Item Nr.557,557,NULL
959,123449,NULL,NULL,NULL,0,0,Item Nr.449,449,NULL
535,123963,NULL,NULL,NULL,0,0,Item Nr.963,963,NULL
371,123429,NULL,NULL,NULL,0,0,Item Nr.429,429,NULL
1679,12385,NULL,NULL,NULL,0,0,Item Nr.85,85,NULL
1919,123353,NULL,NULL,NULL,0,0,Item Nr.353,353,NULL
1517,123950,NULL,NULL,NULL,0,1,Item Nr.950,950,NULL
1599,123606,NULL,NULL,NULL,0,1,Item Nr.606,606,NULL
1295,123951,NULL,NULL,NULL,0,0,Item Nr.951,951,NULL
1149,123979,NULL,NULL,NULL,0,0,Item Nr.979,979,NULL
1287,123291,NULL,NULL,NULL,0,0,Item Nr.291,291,NULL
979,123597,NULL,NULL,NULL,0,0,Item Nr.597,597,NULL
1587,123789,NULL,NULL,NULL,0,0,Item Nr.789,789,NULL
899,123471,NULL,NULL,NULL,0,0,Item Nr.471,471,NULL
71,123593,NULL,NULL,NULL,0,0,Item Nr.593,593,NULL
731,123612,NULL,NULL,NULL,0,1,Item Nr.612,612,NULL
1349,123347,NULL,NULL,NULL,0,0,Item Nr.347,347,NULL
1327,123926,NULL,NULL,NULL,0,1,Item Nr.926,926,NULL
449,123124,NULL,NULL,NULL,0,1,Item Nr.124,124,NULL
1311,123289,NULL,NULL,NULL,0,0,Item Nr.289,289,NULL
117,123948,NULL,NULL,NULL,0,1,Item Nr.948,948,NULL
1345,123959,NULL,NULL,NULL,0,0,Item Nr.959,959,NULL
613,123150,NULL,NULL,NULL,0,1,Item Nr.150,150,NULL
1775,123827,NULL,NULL,NULL,0,0,Item Nr.827,827,NULL
277,123436,NULL,NULL,NULL,0,1,Item Nr.436,436,NULL
1773,123292,NULL,NULL,NULL,0,1,Item Nr.292,292,NULL
469,123245,NULL,NULL,NULL,0,0,Item Nr.245,245,NULL
211,123937,NULL,NULL,NULL,0,0,Item Nr.937,937,NULL
433,123181,NULL,NULL,NULL,0,0,Item Nr.181,181,NULL
269,123165,NULL,NULL,NULL,0,0,Item Nr.165,165,NULL
249,123355,NULL,NULL,NULL,0,0,Item Nr.355,355,NULL
233,123208,NULL,NULL,NULL,0,1,Item Nr.208,208,NULL
1467,123125,NULL,NULL,NULL,0,0,Item Nr.125,125,NULL
1063,123221,NULL,NULL,NULL,0,0,Item Nr.221,221,NULL
1017,123173,NULL,NULL,NULL,0,0,Item Nr.173,173,NULL
1547,123545,NULL,NULL,NULL,0,0,Item Nr.545,545,NULL
1693,123801,NULL,NULL,NULL,0,0,Item Nr.801,801,NULL
1947,123448,NULL,NULL,NULL,0,1,Item Nr.448,448,NULL
1943,123169,NULL,NULL,NULL,0,0,Item Nr.169,169,NULL
1195,1237,NULL,NULL,NULL,0,0,Item Nr.7,7,NULL
1087,123288,NULL,NULL,NULL,0,1,Item Nr.288,288,NULL
1303,123839,NULL,NULL,NULL,0,0,Item Nr.839,839,NULL
1669,123679,NULL,NULL,NULL,0,0,Item Nr.679,679,NULL
1001,123195,NULL,NULL,NULL,0,0,Item Nr.195,195,NULL
161,12326,NULL,NULL,NULL,0,1,Item Nr.26,26,NULL
913,123418,NULL,NULL,NULL,0,1,Item Nr.418,418,NULL
389,123875,NULL,NULL,NULL,0,0,Item Nr.875,875,NULL
61,123280,NULL,NULL,NULL,0,1,Item Nr.280,280,NULL
1205,123976,NULL,NULL,NULL,0,1,Item Nr.976,976,NULL
791,123278,NULL,NULL,NULL,0,1,Item Nr.278,278,NULL
1721,123188,NULL,NULL,NULL,0,1,Item Nr.188,188,NULL
1871,123608,NULL,NULL,NULL,0,1,Item Nr.608,608,NULL
961,123850,NULL,NULL,NULL,0,1,Item Nr.850,850,NULL
1983,123454,NULL,NULL,NULL,0,1,Item Nr.454,454,NULL
827,123925,NULL,NULL,NULL,0,0,Item Nr.925,925,NULL
199,123849,NULL,NULL,NULL,0,0,Item Nr.849,849,NULL
157,123247,NULL,NULL,NULL,0,0,Item Nr.247,247,NULL
1997,123824,NULL,NULL,NULL,0,1,Item Nr.824,824,NULL
1607,123258,NULL,NULL,NULL,0,1,Item Nr.258,258,NULL
633,123662,NULL,NULL,NULL,0,1,Item Nr.662,662,NULL
1113,123982,NULL,NULL,NULL,0,1,Item Nr.982,982,NULL
845,123519,NULL,NULL,NULL,0,0,Item Nr.519,519,NULL
1527,123814,NULL,NULL,NULL,0,1,Item Nr.814,814,NULL
1257,123554,NULL,NULL,NULL,0,1,Item Nr.554,554,NULL
1687,123548,NULL,NULL,NULL,0,1,Item Nr.548,548,NULL
423,12341,NULL,NULL,NULL,0,0,Item Nr.41,41,NULL
1795,123243,NULL,NULL,NULL,0,0,Item Nr.243,243,NULL
547,123674,NULL,NULL,NULL,0,1,Item Nr.674,674,NULL
47,123207,NULL,NULL,NULL,0,0,Item Nr.207,207,NULL
103,123860,NULL,NULL,NULL,0,1,Item Nr.860,860,NULL
123,123633,NULL,NULL,NULL,0,0,Item Nr.633,633,NULL
473,123370,NULL,NULL,NULL,0,1,Item Nr.370,370,NULL
653,123528,NULL,NULL,NULL,0,1,Item Nr.528,528,NULL
1533,123253,NULL,NULL,NULL,0,0,Item Nr.253,253,NULL
77,123453,NULL,NULL,NULL,0,0,Item Nr.453,453,NULL
1889,123757,NULL,NULL,NULL,0,0,Item Nr.757,757,NULL
1945,123400,NULL,NULL,NULL,0,1,Item Nr.400,400,NULL
1331,123619,NULL,NULL,NULL,0,0,Item Nr.619,619,NULL
1635,123756,NULL,NULL,NULL,0,1,Item Nr.756,756,NULL
1079,123530,NULL,NULL,NULL,0,1,Item Nr.530,530,NULL
1949,123928,NULL,NULL,NULL,0,1,Item Nr.928,928,NULL
1909,12324,NULL,NULL,NULL,0,1,Item Nr.24,24,NULL
151,123282,NULL,NULL,NULL,0,1,Item Nr.282,282,NULL
553,123137,NULL,NULL,NULL,0,0,Item Nr.137,137,NULL
1361,123978,NULL,NULL,NULL,0,1,Item Nr.978,978,NULL
1745,123821,NULL,NULL,NULL,0,0,Item Nr.821,821,NULL
1127,123233,NULL,NULL,NULL,0,0,Item Nr.233,233,NULL
841,123768,NULL,NULL,NULL,0,1,Item Nr.768,768,NULL
1147,12338,NULL,NULL,NULL,0,1,Item Nr.38,38,NULL
559,123464,NULL,NULL,NULL,0,1,Item Nr.464,464,NULL
465,123295,NULL,NULL,NULL,0,0,Item Nr.295,295,NULL
1883,123691,NULL,NULL,NULL,0,0,Item Nr.691,691,NULL
9,123600,NULL,NULL,NULL,0,1,Item Nr.600,600,NULL
1037,123804,NULL,NULL,NULL,0,1,Item Nr.804,804,NULL
27,12360,NULL,NULL,NULL,0,1,Item Nr.60,60,NULL
191,123255,NULL,NULL,NULL,0,0,Item Nr.255,255,NULL
1203,123575,NULL,NULL,NULL,0,0,Item Nr.575,575,NULL
1727,123435,NULL,NULL,NULL,0,0,Item Nr.435,435,NULL
879,123564,NULL,NULL,NULL,0,1,Item Nr.564,564,NULL
1277,123703,NULL,NULL,NULL,0,0,Item Nr.703,703,NULL
393,123230,NULL,NULL,NULL,0,1,Item Nr.230,230,NULL
857,12318,NULL,NULL,NULL,0,1,Item Nr.18,18,NULL
427,123820,NULL,NULL,NULL,0,1,Item Nr.820,820,NULL
877,123552,NULL,NULL,NULL,0,1,Item Nr.552,552,NULL
1109,12350,NULL,NULL,NULL,0,1,Item Nr.50,50,NULL
1779,12388,NULL,NULL,NULL,0,1,Item Nr.88,88,NULL
307,123673,NULL,NULL,NULL,0,0,Item Nr.673,673,NULL
417,123903,NULL,NULL,NULL,0,0,Item Nr.903,903,NULL
1245,123179,NULL,NULL,NULL,0,0,Item Nr.179,179,NULL
815,123231,NULL,NULL,NULL,0,0,Item Nr.231,231,NULL
273,123558,NULL,NULL,NULL,0,1,Item Nr.558,558,NULL
855,123224,NULL,NULL,NULL,0,1,Item Nr.224,224,NULL
491,123320,NULL,NULL,NULL,0,1,Item Nr.320,320,NULL
549,123675,NULL,NULL,NULL,0,0,Item Nr.675,675,NULL
1561,123176,NULL,NULL,NULL,0,1,Item Nr.176,176,NULL
1249,12327,NULL,NULL,NULL,0,0,Item Nr.27,27,NULL
883,123685,NULL,NULL,NULL,0,0,Item Nr.685,685,NULL
563,123893,NULL,NULL,NULL,0,0,Item Nr.893,893,NULL
1291,123525,NULL,NULL,NULL,0,0,Item Nr.525,525,NULL
891,123397,NULL,NULL,NULL,0,0,Item Nr.397,397,NULL
97,123803,NULL,NULL,NULL,0,0,Item Nr.803,803,NULL
647,123368,NULL,NULL,NULL,0,1,Item Nr.368,368,NULL
523,123549,NULL,NULL,NULL,0,0,Item Nr.549,549,NULL
1585,123618,NULL,NULL,NULL,0,1,Item Nr.618,618,NULL
1223,123857,NULL,NULL,NULL,0,0,Item Nr.857,857,NULL
539,123415,NULL,NULL,NULL,0,0,Item Nr.415,415,NULL
773,123198,NULL,NULL,NULL,0,1,Item Nr.198,198,NULL
305,123805,NULL,NULL,NULL,0,0,Item Nr.805,805,NULL
1701,123477,NULL,NULL,NULL,0,0,Item Nr.477,477,NULL
1725,123599,NULL,NULL,NULL,0,0,Item Nr.599,599,NULL
1671,123319,NULL,NULL,NULL,0,0,Item Nr.319,319,NULL
677,123366,NULL,NULL,NULL,0,1,Item Nr.366,366,NULL
73,123631,NULL,NULL,NULL,0,0,Item Nr.631,631,NULL
163,123156,NULL,NULL,NULL,0,1,Item Nr.156,156,NULL
243,123365,NULL,NULL,NULL,0,0,Item Nr.365,365,NULL
1863,123699,NULL,NULL,NULL,0,0,Item Nr.699,699,NULL
1093,123362,NULL,NULL,NULL,0,1,Item Nr.362,362,NULL
1285,12373,NULL,NULL,NULL,0,0,Item Nr.73,73,NULL
1623,123330,NULL,NULL,NULL,0,1,Item Nr.330,330,NULL
781,123265,NULL,NULL,NULL,0,0,Item Nr.265,265,NULL
1581,123957,NULL,NULL,NULL,0,0,Item Nr.957,957,NULL
323,123642,NULL,NULL,NULL,0,1,Item Nr.642,642,NULL
335,123191,NULL,NULL,NULL,0,0,Item Nr.191,191,NULL
709,123308,NULL,NULL,NULL,0,1,Item Nr.308,308,NULL
1463,123361,NULL,NULL,NULL,0,0,Item Nr.361,361,NULL
1399,123723,NULL,NULL,NULL,0,0,Item Nr.723,723,NULL
1729,123148,NULL,NULL,NULL,0,1,Item Nr.148,148,NULL
257,123944,NULL,NULL,NULL,0,1,Item Nr.944,944,NULL
1261,123226,NULL,NULL,NULL,0,1,Item Nr.226,226,NULL
991,12391,NULL,NULL,NULL,0,0,Item Nr.91,91,NULL
231,123900,NULL,NULL,NULL,0,1,Item Nr.900,900,NULL
525,123349,NULL,NULL,NULL,0,0,Item Nr.349,349,NULL
907,123838,NULL,NULL,NULL,0,1,Item Nr.838,838,NULL
1823,123116,NULL,NULL,NULL,0,1,Item Nr.116,116,NULL
461,123443,NULL,NULL,NULL,0,0,Item Nr.443,443,NULL
327,123130,NULL,NULL,NULL,0,1,Item Nr.130,130,NULL
1131,123661,NULL,NULL,NULL,0,0,Item Nr.661,661,NULL
253,123540,NULL,NULL,NULL,0,1,Item Nr.540,540,NULL
589,123441,NULL,NULL,NULL,0,0,Item Nr.441,441,NULL
1661,12313,NULL,NULL,NULL,0,0,Item Nr.13,13,NULL
1395,123727,NULL,NULL,NULL,0,0,Item Nr.727,727,NULL
537,123494,NULL,NULL,NULL,0,1,Item Nr.494,494,NULL
453,123510,NULL,NULL,NULL,0,1,Item Nr.510,510,NULL
1903,123580,NULL,NULL,NULL,0,1,Item Nr.580,580,NULL
1505,123621,NULL,NULL,NULL,0,0,Item Nr.621,621,NULL
1233,123369,NULL,NULL,NULL,0,0,Item Nr.369,369,NULL
1641,123140,NULL,NULL,NULL,0,1,Item Nr.140,140,NULL
587,123851,NULL,NULL,NULL,0,0,Item Nr.851,851,NULL
847,123766,NULL,NULL,NULL,0,1,Item Nr.766,766,NULL
399,123328,NULL,NULL,NULL,0,1,Item Nr.328,328,NULL
937,123918,NULL,NULL,NULL,0,1,Item Nr.918,918,NULL
1083,123131,NULL,NULL,NULL,0,0,Item Nr.131,131,NULL
941,123563,NULL,NULL,NULL,0,0,Item Nr.563,563,NULL
739,123791,NULL,NULL,NULL,0,0,Item Nr.791,791,NULL
101,123297,NULL,NULL,NULL,0,0,Item Nr.297,297,NULL
1139,123132,NULL,NULL,NULL,0,1,Item Nr.132,132,NULL
315,123988,NULL,NULL,NULL,0,1,Item Nr.988,988,NULL
895,123784,NULL,NULL,NULL,0,1,Item Nr.784,784,NULL
1445,123576,NULL,NULL,NULL,0,1,Item Nr.576,576,NULL
1583,123478,NULL,NULL,NULL,0,1,Item Nr.478,478,NULL
1389,123958,NULL,NULL,NULL,0,1,Item Nr.958,958,NULL
527,123268,NULL,NULL,NULL,0,1,Item Nr.268,268,NULL
1275,12387,NULL,NULL,NULL,0,0,Item Nr.87,87,NULL
411,123913,NULL,NULL,NULL,0,0,Item Nr.913,913,NULL
415,123447,NULL,NULL,NULL,0,0,Item Nr.447,447,NULL
1129,123663,NULL,NULL,NULL,0,0,Item Nr.663,663,NULL
565,12351,NULL,NULL,NULL,0,0,Item Nr.51,51,NULL
109,123967,NULL,NULL,NULL,0,0,Item Nr.967,967,NULL
351,123591,NULL,NULL,NULL,0,0,Item Nr.591,591,NULL
1133,123884,NULL,NULL,NULL,0,1,Item Nr.884,884,NULL
1665,123561,NULL,NULL,NULL,0,0,Item Nr.561,561,NULL
799,123815,NULL,NULL,NULL,0,0,Item Nr.815,815,NULL
1971,12334,NULL,NULL,NULL,0,1,Item Nr.34,34,NULL
873,123890,NULL,NULL,NULL,0,1,Item Nr.890,890,NULL
1829,123732,NULL,NULL,NULL,0,1,Item Nr.732,732,NULL
229,123451,NULL,NULL,NULL,0,0,Item Nr.451,451,NULL
1605,123535,NULL,NULL,NULL,0,0,Item Nr.535,535,NULL
809,123199,NULL,NULL,NULL,0,0,Item Nr.199,199,NULL
147,123476,NULL,NULL,NULL,0,1,Item Nr.476,476,NULL
479,12382,NULL,NULL,NULL,0,1,Item Nr.82,82,NULL
1785,123281,NULL,NULL,NULL,0,0,Item Nr.281,281,NULL
183,123260,NULL,NULL,NULL,0,1,Item Nr.260,260,NULL
689,12378,NULL,NULL,NULL,0,1,Item Nr.78,78,NULL
721,123734,NULL,NULL,NULL,0,1,Item Nr.734,734,NULL
343,123555,NULL,NULL,NULL,0,0,Item Nr.555,555,NULL
267,123680,NULL,NULL,NULL,0,1,Item Nr.680,680,NULL
929,123234,NULL,NULL,NULL,0,1,Item Nr.234,234,NULL
1215,123488,NULL,NULL,NULL,0,1,Item Nr.488,488,NULL
1191,123273,NULL,NULL,NULL,0,0,Item Nr.273,273,NULL
1211,123939,NULL,NULL,NULL,0,0,Item Nr.939,939,NULL
1951,123550,NULL,NULL,NULL,0,1,Item Nr.550,550,NULL
1427,12347,NULL,NULL,NULL,0,0,Item Nr.47,47,NULL
997,123614,NULL,NULL,NULL,0,1,Item Nr.614,614,NULL
685,123747,NULL,NULL,NULL,0,0,Item Nr.747,747,NULL
407,123465,NULL,NULL,NULL,0,0,Item Nr.465,465,NULL
297,123523,NULL,NULL,NULL,0,0,Item Nr.523,523,NULL
57,12336,NULL,NULL,NULL,0,1,Item Nr.36,36,NULL
1569,123403,NULL,NULL,NULL,0,0,Item Nr.403,403,NULL
935,123237,NULL,NULL,NULL,0,0,Item Nr.237,237,NULL
51,123882,NULL,NULL,NULL,0,1,Item Nr.882,882,NULL
725,123445,NULL,NULL,NULL,0,0,Item Nr.445,445,NULL
645,123101,NULL,NULL,NULL,0,0,Item Nr.101,101,NULL
1651,123620,NULL,NULL,NULL,0,1,Item Nr.620,620,NULL
1685,12345,NULL,NULL,NULL,0,0,Item Nr.45,45,NULL
849,12311,NULL,NULL,NULL,0,0,Item Nr.11,11,NULL
1487,123616,NULL,NULL,NULL,0,1,Item Nr.616,616,NULL
1929,123222,NULL,NULL,NULL,0,1,Item Nr.222,222,NULL
295,123830,NULL,NULL,NULL,0,1,Item Nr.830,830,NULL
501,123404,NULL,NULL,NULL,0,1,Item Nr.404,404,NULL
1967,123924,NULL,NULL,NULL,0,1,Item Nr.924,924,NULL
1913,123896,NULL,NULL,NULL,0,1,Item Nr.896,896,NULL
1769,123818,NULL,NULL,NULL,0,1,Item Nr.818,818,NULL
1457,123526,NULL,NULL,NULL,0,1,Item Nr.526,526,NULL
1985,123562,NULL,NULL,NULL,0,1,Item Nr.562,562,NULL
921,123422,NULL,NULL,NULL,0,1,Item Nr.422,422,NULL
1743,123955,NULL,NULL,NULL,0,0,Item Nr.955,955,NULL
359,123344,NULL,NULL,NULL,0,1,Item Nr.344,344,NULL
1091,123263,NULL,NULL,NULL,0,0,Item Nr.263,263,NULL
971,123310,NULL,NULL,NULL,0,1,Item Nr.310,310,NULL
813,123534,NULL,NULL,NULL,0,1,Item Nr.534,534,NULL
865,123487,NULL,NULL,NULL,0,0,Item Nr.487,487,NULL
521,123456,NULL,NULL,NULL,0,1,Item Nr.456,456,NULL
385,123219,NULL,NULL,NULL,0,0,Item Nr.219,219,NULL
1859,123107,NULL,NULL,NULL,0,0,Item Nr.107,107,NULL
1179,123357,NULL,NULL,NULL,0,0,Item Nr.357,357,NULL
1271,123794,NULL,NULL,NULL,0,1,Item Nr.794,794,NULL
975,123158,NULL,NULL,NULL,0,1,Item Nr.158,158,NULL
1567,123313,NULL,NULL,NULL,0,0,Item Nr.313,313,NULL
1739,123206,NULL,NULL,NULL,0,1,Item Nr.206,206,NULL
1897,123114,NULL,NULL,NULL,0,1,Item Nr.114,114,NULL
1229,123886,NULL,NULL,NULL,0,1,Item Nr.886,886,NULL
175,123244,NULL,NULL,NULL,0,1,Item Nr.244,244,NULL
367,123965,NULL,NULL,NULL,0,0,Item Nr.965,965,NULL
1259,123731,NULL,NULL,NULL,0,0,Item Nr.731,731,NULL
609,123651,NULL,NULL,NULL,0,0,Item Nr.651,651,NULL
357,123170,NULL,NULL,NULL,0,1,Item Nr.170,170,NULL
363,123945,NULL,NULL,NULL,0,0,Item Nr.945,945,NULL
1869,123629,NULL,NULL,NULL,0,0,Item Nr.629,629,NULL
119,123459,NULL,NULL,NULL,0,0,Item Nr.459,459,NULL
1169,123306,NULL,NULL,NULL,0,1,Item Nr.306,306,NULL
1731,123834,NULL,NULL,NULL,0,1,Item Nr.834,834,NULL
181,123171,NULL,NULL,NULL,0,0,Item Nr.171,171,NULL
915,123457,NULL,NULL,NULL,0,0,Item Nr.457,457,NULL
437,123891,NULL,NULL,NULL,0,0,Item Nr.891,891,NULL
1849,123157,NULL,NULL,NULL,0,0,Item Nr.157,157,NULL
571,123480,NULL,NULL,NULL,0,1,Item Nr.480,480,NULL
155,123377,NULL,NULL,NULL,0,0,Item Nr.377,377,NULL
1157,123927,NULL,NULL,NULL,0,0,Item Nr.927,927,NULL
1629,123275,NULL,NULL,NULL,0,0,Item Nr.275,275,NULL
33,123543,NULL,NULL,NULL,0,0,Item Nr.543,543,NULL
37,123228,NULL,NULL,NULL,0,1,Item Nr.228,228,NULL
239,123486,NULL,NULL,NULL,0,1,Item Nr.486,486,NULL
291,123844,NULL,NULL,NULL,0,1,Item Nr.844,844,NULL
1597,123521,NULL,NULL,NULL,0,0,Item Nr.521,521,NULL
1071,123466,NULL,NULL,NULL,0,1,Item Nr.466,466,NULL
1281,123472,NULL,NULL,NULL,0,1,Item Nr.472,472,NULL
1305,123749,NULL,NULL,NULL,0,0,Item Nr.749,749,NULL
485,1236,NULL,NULL,NULL,0,1,Item Nr.6,6,NULL
1095,123647,NULL,NULL,NULL,0,0,Item Nr.647,647,NULL
1141,123966,NULL,NULL,NULL,0,1,Item Nr.966,966,NULL
743,123163,NULL,NULL,NULL,0,0,Item Nr.163,163,NULL
379,123843,NULL,NULL,NULL,0,0,Item Nr.843,843,NULL
53,123492,NULL,NULL,NULL,0,1,Item Nr.492,492,NULL
143,123687,NULL,NULL,NULL,0,0,Item Nr.687,687,NULL
1163,123660,NULL,NULL,NULL,0,1,Item Nr.660,660,NULL
839,123257,NULL,NULL,NULL,0,0,Item Nr.257,257,NULL
1545,123239,NULL,NULL,NULL,0,0,Item Nr.239,239,NULL
1405,123808,NULL,NULL,NULL,0,1,Item Nr.808,808,NULL
771,12377,NULL,NULL,NULL,0,0,Item Nr.77,77,NULL
817,123997,NULL,NULL,NULL,0,0,Item Nr.997,997,NULL
487,123406,NULL,NULL,NULL,0,1,Item Nr.406,406,NULL
819,123160,NULL,NULL,NULL,0,1,Item Nr.160,160,NULL
279,1239,NULL,NULL,NULL,0,0,Item Nr.9,9,NULL
173,123854,NULL,NULL,NULL,0,1,Item Nr.854,854,NULL
1373,12317,NULL,NULL,NULL,0,0,Item Nr.17,17,NULL
1523,123341,NULL,NULL,NULL,0,0,Item Nr.341,341,NULL
1549,123990,NULL,NULL,NULL,0,1,Item Nr.990,990,NULL
805,123666,NULL,NULL,NULL,0,1,Item Nr.666,666,NULL
409,123728,NULL,NULL,NULL,0,1,Item Nr.728,728,NULL
471,123981,NULL,NULL,NULL,0,0,Item Nr.981,981,NULL
1125,123332,NULL,NULL,NULL,0,1,Item Nr.332,332,NULL
1283,123161,NULL,NULL,NULL,0,0,Item Nr.161,161,NULL
657,12364,NULL,NULL,NULL,0,1,Item Nr.64,64,NULL
623,123326,NULL,NULL,NULL,0,1,Item Nr.326,326,NULL
1847,123974,NULL,NULL,NULL,0,1,Item Nr.974,974,NULL
23,123187,NULL,NULL,NULL,0,0,Item Nr.187,187,NULL
81,123946,NULL,NULL,NULL,0,1,Item Nr.946,946,NULL
661,123532,NULL,NULL,NULL,0,1,Item Nr.532,532,NULL
1709,123933,NULL,NULL,NULL,0,0,Item Nr.933,933,NULL
1989,123983,NULL,NULL,NULL,0,0,Item Nr.983,983,NULL
729,123719,NULL,NULL,NULL,0,0,Item Nr.719,719,NULL
1535,123302,NULL,NULL,NULL,0,1,Item Nr.302,302,NULL
1115,12381,NULL,NULL,NULL,0,0,Item Nr.81,81,NULL
1033,123229,NULL,NULL,NULL,0,0,Item Nr.229,229,NULL
711,123605,NULL,NULL,NULL,0,0,Item Nr.605,605,NULL
829,123991,NULL,NULL,NULL,0,0,Item Nr.991,991,NULL
435,123279,NULL,NULL,NULL,0,0,Item Nr.279,279,NULL
215,123859,NULL,NULL,NULL,0,0,Item Nr.859,859,NULL
933,123644,NULL,NULL,NULL,0,1,Item Nr.644,644,NULL
1713,123872,NULL,NULL,NULL,0,1,Item Nr.872,872,NULL
67,123485,NULL,NULL,NULL,0,0,Item Nr.485,485,NULL
1241,123473,NULL,NULL,NULL,0,0,Item Nr.473,473,NULL
1991,123393,NULL,NULL,NULL,0,0,Item Nr.393,393,NULL
1905,123930,NULL,NULL,NULL,0,1,Item Nr.930,930,NULL
1631,123524,NULL,NULL,NULL,0,1,Item Nr.524,524,NULL
1175,123609,NULL,NULL,NULL,0,0,Item Nr.609,609,NULL
217,123971,NULL,NULL,NULL,0,0,Item Nr.971,971,NULL
1539,123904,NULL,NULL,NULL,0,1,Item Nr.904,904,NULL
1015,123293,NULL,NULL,NULL,0,0,Item Nr.293,293,NULL
717,123517,NULL,NULL,NULL,0,0,Item Nr.517,517,NULL
1185,123840,NULL,NULL,NULL,0,1,Item Nr.840,840,NULL
405,123134,NULL,NULL,NULL,0,1,Item Nr.134,134,NULL
1145,123722,NULL,NULL,NULL,0,1,Item Nr.722,722,NULL
843,123623,NULL,NULL,NULL,0,0,Item Nr.623,623,NULL
1513,123870,NULL,NULL,NULL,0,1,Item Nr.870,870,NULL
1503,123512,NULL,NULL,NULL,0,1,Item Nr.512,512,NULL
683,123277,NULL,NULL,NULL,0,0,Item Nr.277,277,NULL
1591,123314,NULL,NULL,NULL,0,1,Item Nr.314,314,NULL
881,123579,NULL,NULL,NULL,0,0,Item Nr.579,579,NULL
1247,123271,NULL,NULL,NULL,0,0,Item Nr.271,271,NULL
533,123542,NULL,NULL,NULL,0,1,Item Nr.542,542,NULL
463,123985,NULL,NULL,NULL,0,0,Item Nr.985,985,NULL
699,123509,NULL,NULL,NULL,0,0,Item Nr.509,509,NULL
893,123683,NULL,NULL,NULL,0,0,Item Nr.683,683,NULL
831,123414,NULL,NULL,NULL,0,1,Item Nr.414,414,NULL
387,123942,NULL,NULL,NULL,0,1,Item Nr.942,942,NULL
1879,123659,NULL,NULL,NULL,0,0,Item Nr.659,659,NULL
5,123915,NULL,NULL,NULL,0,0,Item Nr.915,915,NULL
627,123337,NULL,NULL,NULL,0,0,Item Nr.337,337,NULL
375,123139,NULL,NULL,NULL,0,0,Item Nr.139,139,NULL
15,1238,NULL,NULL,NULL,0,1,Item Nr.8,8,NULL
171,123695,NULL,NULL,NULL,0,0,Item Nr.695,695,NULL
287,123301,NULL,NULL,NULL,0,0,Item Nr.301,301,NULL
339,12340,NULL,NULL,NULL,0,1,Item Nr.40,40,NULL
665,123120,NULL,NULL,NULL,0,1,Item Nr.120,120,NULL
713,123743,NULL,NULL,NULL,0,0,Item Nr.743,743,NULL
219,123634,NULL,NULL,NULL,0,1,Item Nr.634,634,NULL
19,123654,NULL,NULL,NULL,0,1,Item Nr.654,654,NULL
981,123993,NULL,NULL,NULL,0,0,Item Nr.993,993,NULL
757,123792,NULL,NULL,NULL,0,1,Item Nr.792,792,NULL
1265,123190,NULL,NULL,NULL,0,1,Item Nr.190,190,NULL
1751,123560,NULL,NULL,NULL,0,1,Item Nr.560,560,NULL
1035,123717,NULL,NULL,NULL,0,0,Item Nr.717,717,NULL
353,123709,NULL,NULL,NULL,0,0,Item Nr.709,709,NULL
475,123141,NULL,NULL,NULL,0,0,Item Nr.141,141,NULL
967,123223,NULL,NULL,NULL,0,0,Item Nr.223,223,NULL
445,123410,NULL,NULL,NULL,0,1,Item Nr.410,410,NULL
93,12325,NULL,NULL,NULL,0,0,Item Nr.25,25,NULL
707,123906,NULL,NULL,NULL,0,1,Item Nr.906,906,NULL
49,123762,NULL,NULL,NULL,0,1,Item Nr.762,762,NULL
365,123261,NULL,NULL,NULL,0,0,Item Nr.261,261,NULL
529,12320,NULL,NULL,NULL,0,1,Item Nr.20,20,NULL
459,123544,NULL,NULL,NULL,0,1,Item Nr.544,544,NULL
871,123507,NULL,NULL,NULL,0,0,Item Nr.507,507,NULL
1209,123678,NULL,NULL,NULL,0,1,Item Nr.678,678,NULL
329,123246,NULL,NULL,NULL,0,1,Item Nr.246,246,NULL
995,12330,NULL,NULL,NULL,0,1,Item Nr.30,30,NULL
1335,123970,NULL,NULL,NULL,0,1,Item Nr.970,970,NULL
1339,123806,NULL,NULL,NULL,0,1,Item Nr.806,806,NULL
1407,123238,NULL,NULL,NULL,0,1,Item Nr.238,238,NULL
275,123389,NULL,NULL,NULL,0,0,Item Nr.389,389,NULL
767,123193,NULL,NULL,NULL,0,0,Item Nr.193,193,NULL
747,12310,NULL,NULL,NULL,0,1,Item Nr.10,10,NULL
1213,123444,NULL,NULL,NULL,0,1,Item Nr.444,444,NULL
557,123391,NULL,NULL,NULL,0,0,Item Nr.391,391,NULL
1737,123113,NULL,NULL,NULL,0,0,Item Nr.113,113,NULL
1409,123133,NULL,NULL,NULL,0,0,Item Nr.133,133,NULL
75,123259,NULL,NULL,NULL,0,0,Item Nr.259,259,NULL
1433,123153,NULL,NULL,NULL,0,0,Item Nr.153,153,NULL
113,123264,NULL,NULL,NULL,0,1,Item Nr.264,264,NULL
903,123502,NULL,NULL,NULL,0,1,Item Nr.502,502,NULL
617,123235,NULL,NULL,NULL,0,0,Item Nr.235,235,NULL
615,123582,NULL,NULL,NULL,0,1,Item Nr.582,582,NULL
1197,123334,NULL,NULL,NULL,0,1,Item Nr.334,334,NULL
1431,123935,NULL,NULL,NULL,0,0,Item Nr.935,935,NULL
1937,123462,NULL,NULL,NULL,0,1,Item Nr.462,462,NULL
1413,123249,NULL,NULL,NULL,0,0,Item Nr.249,249,NULL
1855,123929,NULL,NULL,NULL,0,0,Item Nr.929,929,NULL
1615,123977,NULL,NULL,NULL,0,0,Item Nr.977,977,NULL
755,123865,NULL,NULL,NULL,0,0,Item Nr.865,865,NULL
1541,123236,NULL,NULL,NULL,0,1,Item Nr.236,236,NULL
381,123340,NULL,NULL,NULL,0,1,Item Nr.340,340,NULL
125,123769,NULL,NULL,NULL,0,0,Item Nr.769,769,NULL
1603,12389,NULL,NULL,NULL,0,0,Item Nr.89,89,NULL
497,123372,NULL,NULL,NULL,0,1,Item Nr.372,372,NULL
1227,123508,NULL,NULL,NULL,0,1,Item Nr.508,508,NULL
789,123446,NULL,NULL,NULL,0,1,Item Nr.446,446,NULL
303,123894,NULL,NULL,NULL,0,1,Item Nr.894,894,NULL
793,123185,NULL,NULL,NULL,0,0,Item Nr.185,185,NULL
1155,123174,NULL,NULL,NULL,0,1,Item Nr.174,174,NULL
41,123144,NULL,NULL,NULL,0,1,Item Nr.144,144,NULL
441,123822,NULL,NULL,NULL,0,1,Item Nr.822,822,NULL
1611,123973,NULL,NULL,NULL,0,0,Item Nr.973,973,NULL
293,123572,NULL,NULL,NULL,0,1,Item Nr.572,572,NULL
2001,123648,NULL,NULL,NULL,0,1,Item Nr.648,648,NULL
1465,123581,NULL,NULL,NULL,0,0,Item Nr.581,581,NULL
1595,123938,NULL,NULL,NULL,0,1,Item Nr.938,938,NULL
1521,123251,NULL,NULL,NULL,0,0,Item Nr.251,251,NULL
1273,123736,NULL,NULL,NULL,0,1,Item Nr.736,736,NULL
607,12344,NULL,NULL,NULL,0,1,Item Nr.44,44,NULL
319,123613,NULL,NULL,NULL,0,0,Item Nr.613,613,NULL
321,123182,NULL,NULL,NULL,0,1,Item Nr.182,182,NULL
1279,123863,NULL,NULL,NULL,0,0,Item Nr.863,863,NULL
59,123211,NULL,NULL,NULL,0,0,Item Nr.211,211,NULL
1763,123636,NULL,NULL,NULL,0,1,Item Nr.636,636,NULL
137,123888,NULL,NULL,NULL,0,1,Item Nr.888,888,NULL
1537,123725,NULL,NULL,NULL,0,0,Item Nr.725,725,NULL
987,123586,NULL,NULL,NULL,0,1,Item Nr.586,586,NULL
1253,12392,NULL,NULL,NULL,0,1,Item Nr.92,92,NULL
395,123336,NULL,NULL,NULL,0,1,Item Nr.336,336,NULL
1297,123598,NULL,NULL,NULL,0,1,Item Nr.598,598,NULL
823,123348,NULL,NULL,NULL,0,1,Item Nr.348,348,NULL
1483,123831,NULL,NULL,NULL,0,0,Item Nr.831,831,NULL
1741,12342,NULL,NULL,NULL,0,1,Item Nr.42,42,NULL
1477,12394,NULL,NULL,NULL,0,1,Item Nr.94,94,NULL
1491,123671,NULL,NULL,NULL,0,0,Item Nr.671,671,NULL
13,123637,NULL,NULL,NULL,0,0,Item Nr.637,637,NULL
1067,12371,NULL,NULL,NULL,0,0,Item Nr.71,71,NULL
901,123670,NULL,NULL,NULL,0,1,Item Nr.670,670,NULL
1979,123588,NULL,NULL,NULL,0,1,Item Nr.588,588,NULL
753,12322,NULL,NULL,NULL,0,1,Item Nr.22,22,NULL
1619,123995,NULL,NULL,NULL,0,0,Item Nr.995,995,NULL
611,123802,NULL,NULL,NULL,0,1,Item Nr.802,802,NULL
1455,123102,NULL,NULL,NULL,0,1,Item Nr.102,102,NULL
1787,123204,NULL,NULL,NULL,0,1,Item Nr.204,204,NULL
1987,123205,NULL,NULL,NULL,0,0,Item Nr.205,205,NULL
1577,123583,NULL,NULL,NULL,0,0,Item Nr.583,583,NULL
1781,123496,NULL,NULL,NULL,0,1,Item Nr.496,496,NULL
985,123569,NULL,NULL,NULL,0,0,Item Nr.569,569,NULL
107,123539,NULL,NULL,NULL,0,0,Item Nr.539,539,NULL
1029,123217,NULL,NULL,NULL,0,0,Item Nr.217,217,NULL
1355,123826,NULL,NULL,NULL,0,1,Item Nr.826,826,NULL
1019,123352,NULL,NULL,NULL,0,1,Item Nr.352,352,NULL
1105,123428,NULL,NULL,NULL,0,1,Item Nr.428,428,NULL
1313,123413,NULL,NULL,NULL,0,0,Item Nr.413,413,NULL
595,123327,NULL,NULL,NULL,0,0,Item Nr.327,327,NULL
785,123607,NULL,NULL,NULL,0,0,Item Nr.607,607,NULL
1439,123531,NULL,NULL,NULL,0,0,Item Nr.531,531,NULL
619,123923,NULL,NULL,NULL,0,0,Item Nr.923,923,NULL
977,123128,NULL,NULL,NULL,0,1,Item Nr.128,128,NULL
1043,123905,NULL,NULL,NULL,0,0,Item Nr.905,905,NULL
973,123842,NULL,NULL,NULL,0,1,Item Nr.842,842,NULL
1187,123568,NULL,NULL,NULL,0,1,Item Nr.568,568,NULL
1841,123386,NULL,NULL,NULL,0,1,Item Nr.386,386,NULL
963,123704,NULL,NULL,NULL,0,1,Item Nr.704,704,NULL
7,123412,NULL,NULL,NULL,0,1,Item Nr.412,412,NULL
1011,123186,NULL,NULL,NULL,0,1,Item Nr.186,186,NULL
1821,123411,NULL,NULL,NULL,0,0,Item Nr.411,411,NULL
591,123871,NULL,NULL,NULL,0,0,Item Nr.871,871,NULL
1323,123135,NULL,NULL,NULL,0,0,Item Nr.135,135,NULL
777,123381,NULL,NULL,NULL,0,0,Item Nr.381,381,NULL
861,123846,NULL,NULL,NULL,0,1,Item Nr.846,846,NULL
99,123887,NULL,NULL,NULL,0,0,Item Nr.887,887,NULL
803,123570,NULL,NULL,NULL,0,1,Item Nr.570,570,NULL
631,123922,NULL,NULL,NULL,0,1,Item Nr.922,922,NULL
1351,123961,NULL,NULL,NULL,0,0,Item Nr.961,961,NULL
1501,123912,NULL,NULL,NULL,0,1,Item Nr.912,912,NULL
515,123783,NULL,NULL,NULL,0,0,Item Nr.783,783,NULL
1809,123338,NULL,NULL,NULL,0,1,Item Nr.338,338,NULL
1231,123551,NULL,NULL,NULL,0,0,Item Nr.551,551,NULL
439,123212,NULL,NULL,NULL,0,1,Item Nr.212,212,NULL
801,123931,NULL,NULL,NULL,0,0,Item Nr.931,931,NULL
1777,12393,NULL,NULL,NULL,0,0,Item Nr.93,93,NULL
745,123635,NULL,NULL,NULL,0,0,Item Nr.635,635,NULL
1333,123375,NULL,NULL,NULL,0,0,Item Nr.375,375,NULL
927,123708,NULL,NULL,NULL,0,1,Item Nr.708,708,NULL
1207,123152,NULL,NULL,NULL,0,1,Item Nr.152,152,NULL
1449,123956,NULL,NULL,NULL,0,1,Item Nr.956,956,NULL
703,123656,NULL,NULL,NULL,0,1,Item Nr.656,656,NULL
1801,123668,NULL,NULL,NULL,0,1,Item Nr.668,668,NULL
1221,123998,NULL,NULL,NULL,0,1,Item Nr.998,998,NULL
775,123145,NULL,NULL,NULL,0,0,Item Nr.145,145,NULL
1917,123111,NULL,NULL,NULL,0,0,Item Nr.111,111,NULL
95,123776,NULL,NULL,NULL,0,1,Item Nr.776,776,NULL
965,12383,NULL,NULL,NULL,0,0,Item Nr.83,83,NULL
641,123475,NULL,NULL,NULL,0,0,Item Nr.475,475,NULL
1255,12369,NULL,NULL,NULL,0,0,Item Nr.69,69,NULL
697,123484,NULL,NULL,NULL,0,1,Item Nr.484,484,NULL
637,123986,NULL,NULL,NULL,0,1,Item Nr.986,986,NULL
1659,123853,NULL,NULL,NULL,0,0,Item Nr.853,853,NULL
1625,123710,NULL,NULL,NULL,0,1,Item Nr.710,710,NULL
741,123225,NULL,NULL,NULL,0,0,Item Nr.225,225,NULL
419,123653,NULL,NULL,NULL,0,0,Item Nr.653,653,NULL
451,123290,NULL,NULL,NULL,0,1,Item Nr.290,290,NULL
1681,123657,NULL,NULL,NULL,0,0,Item Nr.657,657,NULL
989,123105,NULL,NULL,NULL,0,0,Item Nr.105,105,NULL
875,123303,NULL,NULL,NULL,0,0,Item Nr.303,303,NULL
1429,12339,NULL,NULL,NULL,0,0,Item Nr.39,39,NULL
1843,123129,NULL,NULL,NULL,0,0,Item Nr.129,129,NULL
1471,123669,NULL,NULL,NULL,0,0,Item Nr.669,669,NULL
1403,123100,NULL,NULL,NULL,0,1,Item Nr.100,100,NULL
1831,123625,NULL,NULL,NULL,0,0,Item Nr.625,625,NULL
1161,123895,NULL,NULL,NULL,0,0,Item Nr.895,895,NULL
1375,123754,NULL,NULL,NULL,0,1,Item Nr.754,754,NULL
1901,123759,NULL,NULL,NULL,0,0,Item Nr.759,759,NULL
25,123772,NULL,NULL,NULL,0,1,Item Nr.772,772,NULL
1081,123626,NULL,NULL,NULL,0,1,Item Nr.626,626,NULL
457,123250,NULL,NULL,NULL,0,1,Item Nr.250,250,NULL
625,12332,NULL,NULL,NULL,0,1,Item Nr.32,32,NULL
825,123315,NULL,NULL,NULL,0,0,Item Nr.315,315,NULL
129,123828,NULL,NULL,NULL,0,1,Item Nr.828,828,NULL
797,123632,NULL,NULL,NULL,0,1,Item Nr.632,632,NULL
3,123947,NULL,NULL,NULL,0,0,Item Nr.947,947,NULL
241,123615,NULL,NULL,NULL,0,0,Item Nr.615,615,NULL
1045,123752,NULL,NULL,NULL,0,1,Item Nr.752,752,NULL
421,12348,NULL,NULL,NULL,0,1,Item Nr.48,48,NULL
635,123380,NULL,NULL,NULL,0,1,Item Nr.380,380,NULL
195,123376,NULL,NULL,NULL,0,1,Item Nr.376,376,NULL
1705,123856,NULL,NULL,NULL,0,1,Item Nr.856,856,NULL
579,123677,NULL,NULL,NULL,0,0,Item Nr.677,677,NULL
91,123797,NULL,NULL,NULL,0,0,Item Nr.797,797,NULL
301,123533,NULL,NULL,NULL,0,0,Item Nr.533,533,NULL
1111,123761,NULL,NULL,NULL,0,0,Item Nr.761,761,NULL
715,12365,NULL,NULL,NULL,0,0,Item Nr.65,65,NULL
1601,123920,NULL,NULL,NULL,0,1,Item Nr.920,920,NULL
413,123164,NULL,NULL,NULL,0,1,Item Nr.164,164,NULL
1415,12366,NULL,NULL,NULL,0,1,Item Nr.66,66,NULL
887,123688,NULL,NULL,NULL,0,1,Item Nr.688,688,NULL
1099,12397,NULL,NULL,NULL,0,0,Item Nr.97,97,NULL
1437,123180,NULL,NULL,NULL,0,1,Item Nr.180,180,NULL
695,12390,NULL,NULL,NULL,0,1,Item Nr.90,90,NULL
493,123434,NULL,NULL,NULL,0,1,Item Nr.434,434,NULL
1965,123639,NULL,NULL,NULL,0,0,Item Nr.639,639,NULL
567,1232,NULL,NULL,NULL,0,1,Item Nr.2,2,NULL
299,123829,NULL,NULL,NULL,0,0,Item Nr.829,829,NULL
87,123167,NULL,NULL,NULL,0,0,Item Nr.167,167,NULL
919,123916,NULL,NULL,NULL,0,1,Item Nr.916,916,NULL
1387,123980,NULL,NULL,NULL,0,1,Item Nr.980,980,NULL
1023,123855,NULL,NULL,NULL,0,0,Item Nr.855,855,NULL
1089,123398,NULL,NULL,NULL,0,1,Item Nr.398,398,NULL
1639,123841,NULL,NULL,NULL,0,0,Item Nr.841,841,NULL
263,123590,NULL,NULL,NULL,0,1,Item Nr.590,590,NULL
1363,123879,NULL,NULL,NULL,0,0,Item Nr.879,879,NULL
349,123394,NULL,NULL,NULL,0,1,Item Nr.394,394,NULL
1469,123498,NULL,NULL,NULL,0,1,Item Nr.498,498,NULL
213,12380,NULL,NULL,NULL,0,1,Item Nr.80,80,NULL
593,123307,NULL,NULL,NULL,0,0,Item Nr.307,307,NULL
1021,123146,NULL,NULL,NULL,0,1,Item Nr.146,146,NULL
1479,12376,NULL,NULL,NULL,0,1,Item Nr.76,76,NULL
629,123793,NULL,NULL,NULL,0,0,Item Nr.793,793,NULL
1025,123943,NULL,NULL,NULL,0,0,Item Nr.943,943,NULL
751,12356,NULL,NULL,NULL,0,1,Item Nr.56,56,NULL
1891,12333,NULL,NULL,NULL,0,0,Item Nr.33,33,NULL
1757,123774,NULL,NULL,NULL,0,1,Item Nr.774,774,NULL
1791,123672,NULL,NULL,NULL,0,1,Item Nr.672,672,NULL
1419,123109,NULL,NULL,NULL,0,0,Item Nr.109,109,NULL
447,123852,NULL,NULL,NULL,0,1,Item Nr.852,852,NULL
1217,123316,NULL,NULL,NULL,0,1,Item Nr.316,316,NULL
1393,123697,NULL,NULL,NULL,0,0,Item Nr.697,697,NULL
131,123643,NULL,NULL,NULL,0,0,Item Nr.643,643,NULL
701,123585,NULL,NULL,NULL,0,0,Item Nr.585,585,NULL
1653,123266,NULL,NULL,NULL,0,1,Item Nr.266,266,NULL
1793,123514,NULL,NULL,NULL,0,1,Item Nr.514,514,NULL
35,123823,NULL,NULL,NULL,0,0,Item Nr.823,823,NULL
863,123461,NULL,NULL,NULL,0,0,Item Nr.461,461,NULL
403,123537,NULL,NULL,NULL,0,0,Item Nr.537,537,NULL
787,12362,NULL,NULL,NULL,0,1,Item Nr.62,62,NULL
443,123119,NULL,NULL,NULL,0,0,Item Nr.119,119,NULL
511,12395,NULL,NULL,NULL,0,0,Item Nr.95,95,NULL
185,12319,NULL,NULL,NULL,0,0,Item Nr.19,19,NULL
993,123622,NULL,NULL,NULL,0,1,Item Nr.622,622,NULL
205,123405,NULL,NULL,NULL,0,0,Item Nr.405,405,NULL
1489,123189,NULL,NULL,NULL,0,0,Item Nr.189,189,NULL
779,123318,NULL,NULL,NULL,0,1,Item Nr.318,318,NULL
957,123110,NULL,NULL,NULL,0,1,Item Nr.110,110,NULL
1461,123417,NULL,NULL,NULL,0,0,Item Nr.417,417,NULL
687,123655,NULL,NULL,NULL,0,0,Item Nr.655,655,NULL
1047,12374,NULL,NULL,NULL,0,1,Item Nr.74,74,NULL
1371,123202,NULL,NULL,NULL,0,1,Item Nr.202,202,NULL
759,123118,NULL,NULL,NULL,0,1,Item Nr.118,118,NULL
1103,12379,NULL,NULL,NULL,0,0,Item Nr.79,79,NULL
605,123112,NULL,NULL,NULL,0,1,Item Nr.112,112,NULL
85,123775,NULL,NULL,NULL,0,0,Item Nr.775,775,NULL
1299,123645,NULL,NULL,NULL,0,0,Item Nr.645,645,NULL
1451,123577,NULL,NULL,NULL,0,0,Item Nr.577,577,NULL
1873,123276,NULL,NULL,NULL,0,1,Item Nr.276,276,NULL
31,123694,NULL,NULL,NULL,0,1,Item Nr.694,694,NULL
923,123748,NULL,NULL,NULL,0,1,Item Nr.748,748,NULL
1877,123388,NULL,NULL,NULL,0,1,Item Nr.388,388,NULL
931,123811,NULL,NULL,NULL,0,0,Item Nr.811,811,NULL
1319,123345,NULL,NULL,NULL,0,0,Item Nr.345,345,NULL
867,123304,NULL,NULL,NULL,0,1,Item Nr.304,304,NULL
65,123321,NULL,NULL,NULL,0,0,Item Nr.321,321,NULL
1617,123256,NULL,NULL,NULL,0,1,Item Nr.256,256,NULL
681,123968,NULL,NULL,NULL,0,1,Item Nr.968,968,NULL
769,123624,NULL,NULL,NULL,0,1,Item Nr.624,624,NULL
1057,123726,NULL,NULL,NULL,0,1,Item Nr.726,726,NULL
1753,12352,NULL,NULL,NULL,0,1,Item Nr.52,52,NULL
373,123908,NULL,NULL,NULL,0,1,Item Nr.908,908,NULL
1357,123440,NULL,NULL,NULL,0,1,Item Nr.440,440,NULL
917,123437,NULL,NULL,NULL,0,0,Item Nr.437,437,NULL
325,123402,NULL,NULL,NULL,0,1,Item Nr.402,402,NULL
309,123192,NULL,NULL,NULL,0,1,Item Nr.192,192,NULL
1691,123770,NULL,NULL,NULL,0,1,Item Nr.770,770,NULL
889,123430,NULL,NULL,NULL,0,1,Item Nr.430,430,NULL
477,123520,NULL,NULL,NULL,0,1,Item Nr.520,520,NULL
207,123984,NULL,NULL,NULL,0,1,Item Nr.984,984,NULL
483,12354,NULL,NULL,NULL,0,1,Item Nr.54,54,NULL
679,123701,NULL,NULL,NULL,0,0,Item Nr.701,701,NULL
1689,123115,NULL,NULL,NULL,0,0,Item Nr.115,115,NULL
1881,12396,NULL,NULL,NULL,0,1,Item Nr.96,96,NULL
1343,123686,NULL,NULL,NULL,0,1,Item Nr.686,686,NULL
467,123433,NULL,NULL,NULL,0,0,Item Nr.433,433,NULL
1143,123274,NULL,NULL,NULL,0,1,Item Nr.274,274,NULL
1861,123665,NULL,NULL,NULL,0,0,Item Nr.665,665,NULL
555,123325,NULL,NULL,NULL,0,0,Item Nr.325,325,NULL
1151,123735,NULL,NULL,NULL,0,0,Item Nr.735,735,NULL
1107,123684,NULL,NULL,NULL,0,1,Item Nr.684,684,NULL
1853,123455,NULL,NULL,NULL,0,0,Item Nr.455,455,NULL
127,12321,NULL,NULL,NULL,0,0,Item Nr.21,21,NULL
401,123378,NULL,NULL,NULL,0,1,Item Nr.378,378,NULL
949,123676,NULL,NULL,NULL,0,1,Item Nr.676,676,NULL
1733,123595,NULL,NULL,NULL,0,0,Item Nr.595,595,NULL
1237,12335,NULL,NULL,NULL,0,0,Item Nr.35,35,NULL
517,123664,NULL,NULL,NULL,0,1,Item Nr.664,664,NULL
1921,123932,NULL,NULL,NULL,0,1,Item Nr.932,932,NULL
141,123740,NULL,NULL,NULL,0,1,Item Nr.740,740,NULL
39,12399,NULL,NULL,NULL,0,0,Item Nr.99,99,NULL
1049,123658,NULL,NULL,NULL,0,1,Item Nr.658,658,NULL
673,123771,NULL,NULL,NULL,0,0,Item Nr.771,771,NULL
1765,123407,NULL,NULL,NULL,0,0,Item Nr.407,407,NULL
733,123556,NULL,NULL,NULL,0,1,Item Nr.556,556,NULL
953,123640,NULL,NULL,NULL,0,1,Item Nr.640,640,NULL
1003,12367,NULL,NULL,NULL,0,0,Item Nr.67,67,NULL
603,123299,NULL,NULL,NULL,0,0,Item Nr.299,299,NULL
1347,123536,NULL,NULL,NULL,0,1,Item Nr.536,536,NULL
983,123547,NULL,NULL,NULL,0,0,Item Nr.547,547,NULL
1643,123241,NULL,NULL,NULL,0,0,Item Nr.241,241,NULL
583,123127,NULL,NULL,NULL,0,0,Item Nr.127,127,NULL
1807,123880,NULL,NULL,NULL,0,1,Item Nr.880,880,NULL
1783,123396,NULL,NULL,NULL,0,1,Item Nr.396,396,NULL
1065,123468,NULL,NULL,NULL,0,1,Item Nr.468,468,NULL
1123,123527,NULL,NULL,NULL,0,0,Item Nr.527,527,NULL
1435,123630,NULL,NULL,NULL,0,1,Item Nr.630,630,NULL
795,123104,NULL,NULL,NULL,0,1,Item Nr.104,104,NULL
1755,123117,NULL,NULL,NULL,0,0,Item Nr.117,117,NULL
1933,123953,NULL,NULL,NULL,0,0,Item Nr.953,953,NULL
1559,123790,NULL,NULL,NULL,0,1,Item Nr.790,790,NULL
159,123921,NULL,NULL,NULL,0,0,Item Nr.921,921,NULL
1695,12370,NULL,NULL,NULL,0,1,Item Nr.70,70,NULL
1999,123858,NULL,NULL,NULL,0,1,Item Nr.858,858,NULL
969,123214,NULL,NULL,NULL,0,1,Item Nr.214,214,NULL
391,123162,NULL,NULL,NULL,0,1,Item Nr.162,162,NULL
1647,123866,NULL,NULL,NULL,0,1,Item Nr.866,866,NULL
509,123252,NULL,NULL,NULL,0,1,Item Nr.252,252,NULL
545,123499,NULL,NULL,NULL,0,0,Item Nr.499,499,NULL
1911,123479,NULL,NULL,NULL,0,0,Item Nr.479,479,NULL
1315,123342,NULL,NULL,NULL,0,1,Item Nr.342,342,NULL
1805,12343,NULL,NULL,NULL,0,0,Item Nr.43,43,NULL
221,123363,NULL,NULL,NULL,0,0,Item Nr.363,363,NULL
569,123427,NULL,NULL,NULL,0,0,Item Nr.427,427,NULL
1183,123483,NULL,NULL,NULL,0,0,Item Nr.483,483,NULL
1797,123940,NULL,NULL,NULL,0,1,Item Nr.940,940,NULL
265,123426,NULL,NULL,NULL,0,1,Item Nr.426,426,NULL
663,123432,NULL,NULL,NULL,0,1,Item Nr.432,432,NULL
1553,123481,NULL,NULL,NULL,0,0,Item Nr.481,481,NULL
597,123949,NULL,NULL,NULL,0,0,Item Nr.949,949,NULL
1301,123425,NULL,NULL,NULL,0,0,Item Nr.425,425,NULL
1005,123867,NULL,NULL,NULL,0,0,Item Nr.867,867,NULL
735,123285,NULL,NULL,NULL,0,0,Item Nr.285,285,NULL
1885,123753,NULL,NULL,NULL,0,0,Item Nr.753,753,NULL
573,123773,NULL,NULL,NULL,0,0,Item Nr.773,773,NULL
1013,123324,NULL,NULL,NULL,0,1,Item Nr.324,324,NULL
737,123960,NULL,NULL,NULL,0,1,Item Nr.960,960,NULL
1381,123755,NULL,NULL,NULL,0,0,Item Nr.755,755,NULL
1645,123374,NULL,NULL,NULL,0,1,Item Nr.374,374,NULL
1707,123227,NULL,NULL,NULL,0,0,Item Nr.227,227,NULL
1117,123196,NULL,NULL,NULL,0,1,Item Nr.196,196,NULL
1579,123782,NULL,NULL,NULL,0,1,Item Nr.782,782,NULL
1007,123401,NULL,NULL,NULL,0,0,Item Nr.401,401,NULL
951,123763,NULL,NULL,NULL,0,0,Item Nr.763,763,NULL
1915,123746,NULL,NULL,NULL,0,1,Item Nr.746,746,NULL
667,123126,NULL,NULL,NULL,0,1,Item Nr.126,126,NULL
145,123155,NULL,NULL,NULL,0,0,Item Nr.155,155,NULL
1485,123506,NULL,NULL,NULL,0,1,Item Nr.506,506,NULL
347,123538,NULL,NULL,NULL,0,1,Item Nr.538,538,NULL
177,123423,NULL,NULL,NULL,0,0,Item Nr.423,423,NULL
1811,123424,NULL,NULL,NULL,0,1,Item Nr.424,424,NULL
189,123294,NULL,NULL,NULL,0,1,Item Nr.294,294,NULL
577,123972,NULL,NULL,NULL,0,1,Item Nr.972,972,NULL
201,123587,NULL,NULL,NULL,0,0,Item Nr.587,587,NULL
1675,123751,NULL,NULL,NULL,0,0,Item Nr.751,751,NULL
235,123166,NULL,NULL,NULL,0,1,Item Nr.166,166,NULL
1655,123641,NULL,NULL,NULL,0,0,Item Nr.641,641,NULL
1613,123232,NULL,NULL,NULL,0,1,Item Nr.232,232,NULL
1837,123566,NULL,NULL,NULL,0,1,Item Nr.566,566,NULL
1121,123594,NULL,NULL,NULL,0,1,Item Nr.594,594,NULL
1317,123992,NULL,NULL,NULL,0,1,Item Nr.992,992,NULL
1815,123845,NULL,NULL,NULL,0,0,Item Nr.845,845,NULL
1573,123777,NULL,NULL,NULL,0,0,Item Nr.777,777,NULL
727,12337,NULL,NULL,NULL,0,0,Item Nr.37,37,NULL
541,123177,NULL,NULL,NULL,0,0,Item Nr.177,177,NULL
655,123379,NULL,NULL,NULL,0,0,Item Nr.379,379,NULL
337,123881,NULL,NULL,NULL,0,0,Item Nr.881,881,NULL
63,123565,NULL,NULL,NULL,0,0,Item Nr.565,565,NULL
761,123750,NULL,NULL,NULL,0,1,Item Nr.750,750,NULL
1137,1235,NULL,NULL,NULL,0,0,Item Nr.5,5,NULL
1677,123742,NULL,NULL,NULL,0,1,Item Nr.742,742,NULL
1963,123331,NULL,NULL,NULL,0,0,Item Nr.331,331,NULL
1511,123339,NULL,NULL,NULL,0,0,Item Nr.339,339,NULL
1069,123667,NULL,NULL,NULL,0,0,Item Nr.667,667,NULL
1027,123384,NULL,NULL,NULL,0,1,Item Nr.384,384,NULL
1969,123999,NULL,NULL,NULL,0,0,Item Nr.999,999,NULL
1481,123442,NULL,NULL,NULL,0,1,Item Nr.442,442,NULL
1367,123848,NULL,NULL,NULL,0,1,Item Nr.848,848,NULL
179,123220,NULL,NULL,NULL,0,1,Item Nr.220,220,NULL
561,123767,NULL,NULL,NULL,0,0,Item Nr.767,767,NULL
193,123836,NULL,NULL,NULL,0,1,Item Nr.836,836,NULL
397,123371,NULL,NULL,NULL,0,0,Item Nr.371,371,NULL
1923,123516,NULL,NULL,NULL,0,1,Item Nr.516,516,NULL
513,123864,NULL,NULL,NULL,0,1,Item Nr.864,864,NULL
1441,123354,NULL,NULL,NULL,0,1,Item Nr.354,354,NULL
111,123184,NULL,NULL,NULL,0,1,Item Nr.184,184,NULL
1767,123873,NULL,NULL,NULL,0,0,Item Nr.873,873,NULL
1955,123713,NULL,NULL,NULL,0,0,Item Nr.713,713,NULL
1177,123764,NULL,NULL,NULL,0,1,Item Nr.764,764,NULL
1401,123696,NULL,NULL,NULL,0,1,Item Nr.696,696,NULL
1565,123501,NULL,NULL,NULL,0,0,Item Nr.501,501,NULL
869,123419,NULL,NULL,NULL,0,0,Item Nr.419,419,NULL
281,123604,NULL,NULL,NULL,0,1,Item Nr.604,604,NULL
1961,123907,NULL,NULL,NULL,0,0,Item Nr.907,907,NULL
1981,123681,NULL,NULL,NULL,0,0,Item Nr.681,681,NULL
943,123213,NULL,NULL,NULL,0,0,Item Nr.213,213,NULL
1657,123952,NULL,NULL,NULL,0,1,Item Nr.952,952,NULL
1973,123505,NULL,NULL,NULL,0,0,Item Nr.505,505,NULL
1609,123837,NULL,NULL,NULL,0,0,Item Nr.837,837,NULL
1267,123463,NULL,NULL,NULL,0,0,Item Nr.463,463,NULL
1495,123994,NULL,NULL,NULL,0,1,Item Nr.994,994,NULL
1447,1230,NULL,NULL,NULL,0,1,Item Nr.0,0,NULL
341,123420,NULL,NULL,NULL,0,1,Item Nr.420,420,NULL
1307,123387,NULL,NULL,NULL,0,0,Item Nr.387,387,NULL
135,123529,NULL,NULL,NULL,0,0,Item Nr.529,529,NULL
1453,123877,NULL,NULL,NULL,0,0,Item Nr.877,877,NULL
763,123385,NULL,NULL,NULL,0,0,Item Nr.385,385,NULL
1443,123209,NULL,NULL,NULL,0,0,Item Nr.209,209,NULL
1507,123601,NULL,NULL,NULL,0,0,Item Nr.601,601,NULL
1761,123810,NULL,NULL,NULL,0,1,Item Nr.810,810,NULL
225,123596,NULL,NULL,NULL,0,1,Item Nr.596,596,NULL
55,123874,NULL,NULL,NULL,0,1,Item Nr.874,874,NULL
659,123409,NULL,NULL,NULL,0,0,Item Nr.409,409,NULL
1977,123700,NULL,NULL,NULL,0,1,Item Nr.700,700,NULL
621,123796,NULL,NULL,NULL,0,1,Item Nr.796,796,NULL
671,123106,NULL,NULL,NULL,0,1,Item Nr.106,106,NULL
361,12358,NULL,NULL,NULL,0,1,Item Nr.58,58,NULL
1907,123383,NULL,NULL,NULL,0,0,Item Nr.383,383,NULL
1135,123574,NULL,NULL,NULL,0,1,Item Nr.574,574,NULL
165,123335,NULL,NULL,NULL,0,0,Item Nr.335,335,NULL
519,123408,NULL,NULL,NULL,0,1,Item Nr.408,408,NULL
1663,123504,NULL,NULL,NULL,0,1,Item Nr.504,504,NULL
859,123628,NULL,NULL,NULL,0,1,Item Nr.628,628,NULL
1813,123584,NULL,NULL,NULL,0,1,Item Nr.584,584,NULL
251,123541,NULL,NULL,NULL,0,0,Item Nr.541,541,NULL
705,123954,NULL,NULL,NULL,0,1,Item Nr.954,954,NULL
1165,123800,NULL,NULL,NULL,0,1,Item Nr.800,800,NULL
1075,123270,NULL,NULL,NULL,0,1,Item Nr.270,270,NULL
643,123503,NULL,NULL,NULL,0,0,Item Nr.503,503,NULL
691,123741,NULL,NULL,NULL,0,0,Item Nr.741,741,NULL
1341,123395,NULL,NULL,NULL,0,0,Item Nr.395,395,NULL
1835,123175,NULL,NULL,NULL,0,0,Item Nr.175,175,NULL
1153,12372,NULL,NULL,NULL,0,1,Item Nr.72,72,NULL
835,123216,NULL,NULL,NULL,0,1,Item Nr.216,216,NULL
227,123919,NULL,NULL,NULL,0,0,Item Nr.919,919,NULL
331,123909,NULL,NULL,NULL,0,0,Item Nr.909,909,NULL
21,123716,NULL,NULL,NULL,0,1,Item Nr.716,716,NULL
675,123159,NULL,NULL,NULL,0,0,Item Nr.159,159,NULL
1895,123813,NULL,NULL,NULL,0,0,Item Nr.813,813,NULL
1421,123795,NULL,NULL,NULL,0,0,Item Nr.795,795,NULL
489,123788,NULL,NULL,NULL,0,1,Item Nr.788,788,NULL
1051,123914,NULL,NULL,NULL,0,1,Item Nr.914,914,NULL
1833,123712,NULL,NULL,NULL,0,1,Item Nr.712,712,NULL
45,123765,NULL,NULL,NULL,0,0,Item Nr.765,765,NULL
209,123515,NULL,NULL,NULL,0,0,Item Nr.515,515,NULL
669,123511,NULL,NULL,NULL,0,0,Item Nr.511,511,NULL
1667,123495,NULL,NULL,NULL,0,0,Item Nr.495,495,NULL
1321,123832,NULL,NULL,NULL,0,1,Item Nr.832,832,NULL
1959,123730,NULL,NULL,NULL,0,1,Item Nr.730,730,NULL
431,123996,NULL,NULL,NULL,0,1,Item Nr.996,996,NULL
1077,123309,NULL,NULL,NULL,0,0,Item Nr.309,309,NULL
853,123889,NULL,NULL,NULL,0,0,Item Nr.889,889,NULL
1771,123168,NULL,NULL,NULL,0,1,Item Nr.168,168,NULL
1529,123122,NULL,NULL,NULL,0,1,Item Nr.122,122,NULL
167,123390,NULL,NULL,NULL,0,1,Item Nr.390,390,NULL
1475,123458,NULL,NULL,NULL,0,1,Item Nr.458,458,NULL
1995,123715,NULL,NULL,NULL,0,0,Item Nr.715,715,NULL
1337,123799,NULL,NULL,NULL,0,0,Item Nr.799,799,NULL
821,123738,NULL,NULL,NULL,0,1,Item Nr.738,738,NULL
955,123721,NULL,NULL,NULL,0,0,Item Nr.721,721,NULL
1515,1233,NULL,NULL,NULL,0,0,Item Nr.3,3,NULL
1697,12355,NULL,NULL,NULL,0,0,Item Nr.55,55,NULL
223,123718,NULL,NULL,NULL,0,1,Item Nr.718,718,NULL
651,123861,NULL,NULL,NULL,0,0,Item Nr.861,861,NULL
947,123847,NULL,NULL,NULL,0,0,Item Nr.847,847,NULL
765,123262,NULL,NULL,NULL,0,1,Item Nr.262,262,NULL
149,123103,NULL,NULL,NULL,0,0,Item Nr.103,103,NULL
1039,123149,NULL,NULL,NULL,0,0,Item Nr.149,149,NULL
1899,123201,NULL,NULL,NULL,0,0,Item Nr.201,201,NULL
425,123689,NULL,NULL,NULL,0,0,Item Nr.689,689,NULL
1711,12398,NULL,NULL,NULL,0,1,Item Nr.98,98,NULL
89,123399,NULL,NULL,NULL,0,0,Item Nr.399,399,NULL
925,123350,NULL,NULL,NULL,0,1,Item Nr.350,350,NULL
1263,123760,NULL,NULL,NULL,0,1,Item Nr.760,760,NULL
1931,123178,NULL,NULL,NULL,0,1,Item Nr.178,178,NULL
551,123706,NULL,NULL,NULL,0,1,Item Nr.706,706,NULL
1251,123346,NULL,NULL,NULL,0,1,Item Nr.346,346,NULL
1633,123474,NULL,NULL,NULL,0,1,Item Nr.474,474,NULL
1575,123300,NULL,NULL,NULL,0,1,Item Nr.300,300,NULL
905,123490,NULL,NULL,NULL,0,1,Item Nr.490,490,NULL
1055,123469,NULL,NULL,NULL,0,0,Item Nr.469,469,NULL
69,123975,NULL,NULL,NULL,0,0,Item Nr.975,975,NULL
909,123876,NULL,NULL,NULL,0,1,Item Nr.876,876,NULL
1225,123711,NULL,NULL,NULL,0,0,Item Nr.711,711,NULL
1097,123269,NULL,NULL,NULL,0,0,Item Nr.269,269,NULL
1053,123323,NULL,NULL,NULL,0,0,Item Nr.323,323,NULL
345,12346,NULL,NULL,NULL,0,1,Item Nr.46,46,NULL
1189,123969,NULL,NULL,NULL,0,0,Item Nr.969,969,NULL
1009,123638,NULL,NULL,NULL,0,1,Item Nr.638,638,NULL
649,123356,NULL,NULL,NULL,0,1,Item Nr.356,356,NULL
531,123825,NULL,NULL,NULL,0,0,Item Nr.825,825,NULL
1293,123559,NULL,NULL,NULL,0,0,Item Nr.559,559,NULL
1377,123296,NULL,NULL,NULL,0,1,Item Nr.296,296,NULL
283,123724,NULL,NULL,NULL,0,1,Item Nr.724,724,NULL
133,12386,NULL,NULL,NULL,0,1,Item Nr.86,86,NULL
885,123431,NULL,NULL,NULL,0,0,Item Nr.431,431,NULL
333,123470,NULL,NULL,NULL,0,1,Item Nr.470,470,NULL
1699,123901,NULL,NULL,NULL,0,0,Item Nr.901,901,NULL
105,12359,NULL,NULL,NULL,0,0,Item Nr.59,59,NULL
1353,123248,NULL,NULL,NULL,0,1,Item Nr.248,248,NULL
1953,12329,NULL,NULL,NULL,0,0,Item Nr.29,29,NULL
1219,123812,NULL,NULL,NULL,0,1,Item Nr.812,812,NULL
1201,123154,NULL,NULL,NULL,0,1,Item Nr.154,154,NULL
1391,123421,NULL,NULL,NULL,0,0,Item Nr.421,421,NULL
495,123123,NULL,NULL,NULL,0,0,Item Nr.123,123,NULL
455,123690,NULL,NULL,NULL,0,1,Item Nr.690,690,NULL
1925,123733,NULL,NULL,NULL,0,0,Item Nr.733,733,NULL
1747,12384,NULL,NULL,NULL,0,1,Item Nr.84,84,NULL
1719,123962,NULL,NULL,NULL,0,1,Item Nr.962,962,NULL
1061,123682,NULL,NULL,NULL,0,1,Item Nr.682,682,NULL
1385,123787,NULL,NULL,NULL,0,0,Item Nr.787,787,NULL
247,123283,NULL,NULL,NULL,0,0,Item Nr.283,283,NULL
1493,12328,NULL,NULL,NULL,0,1,Item Nr.28,28,NULL
289,123358,NULL,NULL,NULL,0,1,Item Nr.358,358,NULL
203,123646,NULL,NULL,NULL,0,1,Item Nr.646,646,NULL
1519,123816,NULL,NULL,NULL,0,1,Item Nr.816,816,NULL
693,123987,NULL,NULL,NULL,0,0,Item Nr.987,987,NULL
1817,12316,NULL,NULL,NULL,0,1,Item Nr.16,16,NULL
17,123941,NULL,NULL,NULL,0,0,Item Nr.941,941,NULL
1543,123567,NULL,NULL,NULL,0,0,Item Nr.567,567,NULL
237,123546,NULL,NULL,NULL,0,1,Item Nr.546,546,NULL
1073,123497,NULL,NULL,NULL,0,0,Item Nr.497,497,NULL
1939,123121,NULL,NULL,NULL,0,0,Item Nr.121,121,NULL
1365,123450,NULL,NULL,NULL,0,1,Item Nr.450,450,NULL
639,123835,NULL,NULL,NULL,0,0,Item Nr.835,835,NULL
945,123729,NULL,NULL,NULL,0,0,Item Nr.729,729,NULL
153,123317,NULL,NULL,NULL,0,0,Item Nr.317,317,NULL
377,123737,NULL,NULL,NULL,0,0,Item Nr.737,737,NULL
1525,123151,NULL,NULL,NULL,0,0,Item Nr.151,151,NULL
1159,12353,NULL,NULL,NULL,0,0,Item Nr.53,53,NULL
1935,123833,NULL,NULL,NULL,0,0,Item Nr.833,833,NULL
1799,123218,NULL,NULL,NULL,0,1,Item Nr.218,218,NULL
1243,123172,NULL,NULL,NULL,0,1,Item Nr.172,172,NULL
1551,123108,NULL,NULL,NULL,0,1,Item Nr.108,108,NULL
1181,123714,NULL,NULL,NULL,0,1,Item Nr.714,714,NULL
1593,123351,NULL,NULL,NULL,0,0,Item Nr.351,351,NULL
1975,123878,NULL,NULL,NULL,0,1,Item Nr.878,878,NULL
115,123720,NULL,NULL,NULL,0,1,Item Nr.720,720,NULL
1627,123869,NULL,NULL,NULL,0,0,Item Nr.869,869,NULL
811,12375,NULL,NULL,NULL,0,0,Item Nr.75,75,NULL
1235,123416,NULL,NULL,NULL,0,1,Item Nr.416,416,NULL
1717,123460,NULL,NULL,NULL,0,1,Item Nr.460,460,NULL
1369,123883,NULL,NULL,NULL,0,0,Item Nr.883,883,NULL
429,123147,NULL,NULL,NULL,0,0,Item Nr.147,147,NULL
1473,123367,NULL,NULL,NULL,0,0,Item Nr.367,367,NULL
783,123392,NULL,NULL,NULL,0,1,Item Nr.392,392,NULL
1101,123862,NULL,NULL,NULL,0,1,Item Nr.862,862,NULL
807,123649,NULL,NULL,NULL,0,0,Item Nr.649,649,NULL
1423,123267,NULL,NULL,NULL,0,0,Item Nr.267,267,NULL
121,123360,NULL,NULL,NULL,0,1,Item Nr.360,360,NULL
311,1231,NULL,NULL,NULL,0,0,Item Nr.1,1,NULL
1289,12361,NULL,NULL,NULL,0,0,Item Nr.61,61,NULL
1193,123693,NULL,NULL,NULL,0,0,Item Nr.693,693,NULL
837,123652,NULL,NULL,NULL,0,1,Item Nr.652,652,NULL
29,123707,NULL,NULL,NULL,0,0,Item Nr.707,707,NULL
1941,123143,NULL,NULL,NULL,0,0,Item Nr.143,143,NULL
575,123359,NULL,NULL,NULL,0,0,Item Nr.359,359,NULL
1887,123786,NULL,NULL,NULL,0,1,Item Nr.786,786,NULL
1497,123200,NULL,NULL,NULL,0,1,Item Nr.200,200,NULL
481,123602,NULL,NULL,NULL,0,1,Item Nr.602,602,NULL
1993,123603,NULL,NULL,NULL,0,0,Item Nr.603,603,NULL
1825,123254,NULL,NULL,NULL,0,1,Item Nr.254,254,NULL
1749,123809,NULL,NULL,NULL,0,0,Item Nr.809,809,NULL
1637,12363,NULL,NULL,NULL,0,0,Item Nr.63,63,NULL
911,123592,NULL,NULL,NULL,0,1,Item Nr.592,592,NULL
897,123518,NULL,NULL,NULL,0,1,Item Nr.518,518,NULL
1309,123911,NULL,NULL,NULL,0,0,Item Nr.911,911,NULL
187,123322,NULL,NULL,NULL,0,1,Item Nr.322,322,NULL
11,123500,NULL,NULL,NULL,0,1,Item Nr.500,500,NULL
749,12368,NULL,NULL,NULL,0,1,Item Nr.68,68,NULL
1041,123885,NULL,NULL,NULL,0,0,Item Nr.885,885,NULL
851,123989,NULL,NULL,NULL,0,0,Item Nr.989,989,NULL
1723,123364,NULL,NULL,NULL,0,1,Item Nr.364,364,NULL
1819,123745,NULL,NULL,NULL,0,0,Item Nr.745,745,NULL
1839,123698,NULL,NULL,NULL,0,1,Item Nr.698,698,NULL
1383,123611,NULL,NULL,NULL,0,0,Item Nr.611,611,NULL
1715,123785,NULL,NULL,NULL,0,0,Item Nr.785,785,NULL
1031,123627,NULL,NULL,NULL,0,0,Item Nr.627,627,NULL
999,123917,NULL,NULL,NULL,0,0,Item Nr.917,917,NULL
83,123305,NULL,NULL,NULL,0,0,Item Nr.305,305,NULL
1359,123183,NULL,NULL,NULL,0,0,Item Nr.183,183,NULL
1571,123692,NULL,NULL,NULL,0,1,Item Nr.692,692,NULL
1927,123902,NULL,NULL,NULL,0,1,Item Nr.902,902,NULL
723,123617,NULL,NULL,NULL,0,0,Item Nr.617,617,NULL
1803,12331,NULL,NULL,NULL,0,0,Item Nr.31,31,NULL
261,123778,NULL,NULL,NULL,0,1,Item Nr.778,778,NULL
581,12312,NULL,NULL,NULL,0,1,Item Nr.12,12,NULL
1555,123910,NULL,NULL,NULL,0,1,Item Nr.910,910,NULL
271,123936,NULL,NULL,NULL,0,1,Item Nr.936,936,NULL
1085,123819,NULL,NULL,NULL,0,0,Item Nr.819,819,NULL
1325,12314,NULL,NULL,NULL,0,1,Item Nr.14,14,NULL
1531,123138,NULL,NULL,NULL,0,1,Item Nr.138,138,NULL
1851,123203,NULL,NULL,NULL,0,0,Item Nr.203,203,NULL
599,1234,NULL,NULL,NULL,0,1,Item Nr.4,4,NULL
1119,123571,NULL,NULL,NULL,0,0,Item Nr.571,571,NULL
317,123892,NULL,NULL,NULL,0,1,Item Nr.892,892,NULL
313,12349,NULL,NULL,NULL,0,0,Item Nr.49,49,NULL
1199,123553,NULL,NULL,NULL,0,0,Item Nr.553,553,NULL
1703,123934,NULL,NULL,NULL,0,1,Item Nr.934,934,NULL
1875,123758,NULL,NULL,NULL,0,1,Item Nr.758,758,NULL
1827,123210,NULL,NULL,NULL,0,1,Item Nr.210,210,NULL
507,123491,NULL,NULL,NULL,0,0,Item Nr.491,491,NULL
1957,123136,NULL,NULL,NULL,0,1,Item Nr.136,136,NULL
1683,123899,NULL,NULL,NULL,0,0,Item Nr.899,899,NULL
1865,123215,NULL,NULL,NULL,0,0,Item Nr.215,215,NULL
1411,123493,NULL,NULL,NULL,0,0,Item Nr.493,493,NULL
43,123817,NULL,NULL,NULL,0,0,Item Nr.817,817,NULL
1167,123482,NULL,NULL,NULL,0,1,Item Nr.482,482,NULL
1499,123798,NULL,NULL,NULL,0,1,Item Nr.798,798,NULL
197,123578,NULL,NULL,NULL,0,1,Item Nr.578,578,NULL
245,123311,NULL,NULL,NULL,0,0,Item Nr.311,311,NULL
355,123744,NULL,NULL,NULL,0,1,Item Nr.744,744,NULL
259,123298,NULL,NULL,NULL,0,1,Item Nr.298,298,NULL
1673,123452,NULL,NULL,NULL,0,1,Item Nr.452,452,NULL
1789,123573,NULL,NULL,NULL,0,0,Item Nr.573,573,NULL
1397,12315,NULL,NULL,NULL,0,0,Item Nr.15,15,NULL
505,123197,NULL,NULL,NULL,0,0,Item Nr.197,197,NULL
79,123329,NULL,NULL,NULL,0,0,Item Nr.329,329,NULL
585,123610,NULL,NULL,NULL,0,1,Item Nr.610,610,NULL
939,123781,NULL,NULL,NULL,0,0,Item Nr.781,781,NULL
1425,12323,NULL,NULL,NULL,0,0,Item Nr.23,23,NULL
255,123702,NULL,NULL,NULL,0,1,Item Nr.702,702,NULL
601,123650,NULL,NULL,NULL,0,1,Item Nr.650,650,NULL
1893,123373,NULL,NULL,NULL,0,0,Item Nr.373,373,NULL
1845,123779,NULL,NULL,NULL,0,0,Item Nr.779,779,NULL
1171,123705,NULL,NULL,NULL,0,0,Item Nr.705,705,NULL
1239,123272,NULL,NULL,NULL,0,1,Item Nr.272,272,NULL
1459,123287,NULL,NULL,NULL,0,0,Item Nr.287,287,NULL
1759,123739,NULL,NULL,NULL,0,0,Item Nr.739,739,NULL
1589,123964,NULL,NULL,NULL,0,1,Item Nr.964,964,NULL
1621,123242,NULL,NULL,NULL,0,1,Item Nr.242,242,NULL
139,123807,NULL,NULL,NULL,0,0,Item Nr.807,807,NULL
1269,123240,NULL,NULL,NULL,0,1,Item Nr.240,240,NULL
1649,123343,NULL,NULL,NULL,0,0,Item Nr.343,343,NULL
719,123286,NULL,NULL,NULL,0,1,Item Nr.286,286,NULL
499,123194,NULL,NULL,NULL,0,1,Item Nr.194,194,NULL
1509,123780,NULL,NULL,NULL,0,1,Item Nr.780,780,NULL
369,123284,NULL,NULL,NULL,0,1,Item Nr.284,284,NULL
543,123522,NULL,NULL,NULL,0,1,Item Nr.522,522,NULL
1173,123868,NULL,NULL,NULL,0,1,Item Nr.868,868,NULL